"Fecha","Último","Apertura","Máximo","Mínimo","Vol.","% var."
"30.11.2023","15.947,87","15.986,40","16.011,98","15.825,83","444,54M","-0,25%"
"29.11.2023","15.987,60","16.111,59","16.166,18","15.976,69","230,98M","-0,14%"
"28.11.2023","16.010,43","15.939,12","16.031,38","15.921,45","238,59M","0,30%"
"27.11.2023","15.961,98","15.971,05","16.045,30","15.933,04","215,45M","-0,11%"
"24.11.2023","15.980,11","15.972,89","16.007,42","15.940,62","68,57M","-0,13%"
"22.11.2023","16.001,39","16.027,18","16.118,43","15.964,04","202,91M","0,43%"
"21.11.2023","15.933,62","15.952,06","15.967,34","15.867,85","210,89M","-0,58%"
"20.11.2023","16.027,06","15.846,14","16.056,43","15.846,14","247,08M","1,19%"
"17.11.2023","15.837,99","15.803,98","15.876,82","15.767,03","259,24M","0,03%"
"16.11.2023","15.833,17","15.765,07","15.842,63","15.738,49","274,41M","0,10%"
"15.11.2023","15.817,18","15.882,78","15.904,36","15.765,37","271,67M","0,03%"
"14.11.2023","15.812,47","15.745,42","15.850,28","15.727,96","290,23M","2,13%"
"13.11.2023","15.482,79","15.470,03","15.524,56","15.405,50","197,75M","-0,30%"
"10.11.2023","15.529,12","15.252,23","15.534,81","15.238,05","278,47M","2,25%"
"09.11.2023","15.187,90","15.349,50","15.381,93","15.171,32","263,17M","-0,82%"
"08.11.2023","15.313,24","15.315,77","15.342,86","15.220,98","241,21M","0,11%"
"07.11.2023","15.296,02","15.201,77","15.335,39","15.153,73","232,65M","0,93%"
"06.11.2023","15.154,93","15.139,15","15.180,19","15.065,14","218,03M","0,37%"
"03.11.2023","15.099,49","14.981,99","15.149,71","14.965,29","269,75M","1,21%"
"02.11.2023","14.919,54","14.855,00","14.930,54","14.794,18","296,18M","1,74%"
"01.11.2023","14.664,91","14.455,32","14.677,51","14.442,71","298,77M","1,77%"
"31.10.2023","14.409,78","14.340,45","14.420,26","14.233,31","251,08M","0,52%"
"30.10.2023","14.335,51","14.282,11","14.388,15","14.225,94","233,95M","1,09%"
"27.10.2023","14.180,42","14.242,26","14.320,90","14.131,55","274,77M","0,50%"
"26.10.2023","14.109,57","14.315,70","14.372,27","14.058,33","299,37M","-1,89%"
"25.10.2023","14.381,64","14.643,23","14.643,69","14.362,31","297,48M","-2,47%"
"24.10.2023","14.745,86","14.679,08","14.774,16","14.610,33","226,19M","0,97%"
"23.10.2023","14.604,85","14.515,34","14.746,37","14.419,06","224,36M","0,30%"
"20.10.2023","14.560,88","14.750,25","14.780,99","14.552,31","295,79M","-1,50%"
"19.10.2023","14.783,13","14.981,47","15.022,88","14.749,61","268,51M","-0,85%"
"18.10.2023","14.909,26","15.024,23","15.103,77","14.866,07","226,41M","-1,41%"
"17.10.2023","15.122,01","15.005,61","15.187,06","14.933,25","240,21M","-0,33%"
"16.10.2023","15.172,73","15.054,48","15.209,41","15.047,97","222,56M","1,18%"
"13.10.2023","14.995,12","15.226,58","15.231,09","14.943,74","235,94M","-1,24%"
"12.10.2023","15.184,10","15.265,16","15.333,98","15.090,80","230,89M","-0,37%"
"11.10.2023","15.241,12","15.195,81","15.247,99","15.119,79","206,57M","0,72%"
"10.10.2023","15.131,52","15.075,38","15.241,86","15.051,17","215,54M","0,56%"
"09.10.2023","15.047,16","14.872,03","15.070,60","14.816,38","","0,49%"
"06.10.2023","14.973,24","14.621,66","15.021,38","14.576,74","259,20M","1,70%"
"05.10.2023","14.723,22","14.766,85","14.784,69","14.584,39","223,98M","-0,36%"
"04.10.2023","14.776,25","14.613,23","14.803,04","14.592,69","240,11M","1,45%"
"03.10.2023","14.565,62","14.744,92","14.818,54","14.504,51","237,60M","-1,83%"
"02.10.2023","14.837,57","14.716,83","14.891,83","14.703,20","212,66M","0,83%"
"29.09.2023","14.715,24","14.855,83","14.900,66","14.664,78","265,04M","0,08%"
"28.09.2023","14.702,77","14.530,35","14.787,27","14.510,17","227,38M","0,84%"
"27.09.2023","14.580,16","14.603,51","14.657,21","14.432,87","250,39M","0,24%"
"26.09.2023","14.545,83","14.661,67","14.678,22","14.505,78","243,61M","-1,51%"
"25.09.2023","14.768,89","14.662,69","14.771,12","14.615,45","184,67M","0,46%"
"22.09.2023","14.701,10","14.755,39","14.855,75","14.687,01","230,72M","0,05%"
"21.09.2023","14.694,24","14.813,21","14.848,49","14.692,01","281,45M","-1,84%"
"20.09.2023","14.969,92","15.224,51","15.244,86","14.968,43","212,79M","-1,46%"
"19.09.2023","15.191,23","15.151,83","15.219,47","15.069,74","211,52M","-0,22%"
"18.09.2023","15.225,37","15.160,01","15.268,84","15.155,46","216,29M","0,15%"
"15.09.2023","15.202,40","15.427,11","15.434,59","15.174,13","756,25M","-1,75%"
"14.09.2023","15.473,89","15.433,01","15.512,74","15.337,70","244,11M","0,82%"
"13.09.2023","15.348,53","15.293,27","15.414,15","15.256,61","223,41M","0,38%"
"12.09.2023","15.289,74","15.389,30","15.447,85","15.279,02","221,55M","-1,11%"
"11.09.2023","15.461,87","15.408,55","15.482,62","15.329,38","245,99M","1,19%"
"08.09.2023","15.280,23","15.265,74","15.373,58","15.244,08","216,67M","0,14%"
"07.09.2023","15.258,52","15.174,22","15.288,20","15.138,73","272,71M","-0,73%"
"06.09.2023","15.371,44","15.468,29","15.486,63","15.289,75","219,29M","-0,88%"
"05.09.2023","15.508,24","15.460,03","15.556,52","15.420,25","232,98M","0,11%"
"01.09.2023","15.490,86","15.598,41","15.618,04","15.429,36","231,03M","-0,07%"
"31.08.2023","15.501,07","15.476,54","15.574,43","15.466,47","309,88M","0,25%"
"30.08.2023","15.462,43","15.386,59","15.484,61","15.342,85","206,48M","0,56%"
"29.08.2023","15.376,55","15.042,31","15.391,53","15.036,46","249,10M","2,15%"
"28.08.2023","15.052,46","15.034,95","15.085,57","14.948,92","185,04M","0,74%"
"25.08.2023","14.941,83","14.863,21","15.001,29","14.716,77","247,76M","0,85%"
"24.08.2023","14.816,44","15.279,24","15.279,24","14.816,19","294,42M","-2,19%"
"23.08.2023","15.148,06","14.948,01","15.188,66","14.948,01","234,17M","1,60%"
"22.08.2023","14.908,96","15.034,57","15.037,17","14.884,02","199,05M","-0,19%"
"21.08.2023","14.936,69","14.765,12","14.958,71","14.739,92","236,73M","1,65%"
"18.08.2023","14.694,84","14.589,71","14.743,57","14.558,71","256,36M","-0,14%"
"17.08.2023","14.715,81","14.943,82","14.948,91","14.698,29","239,69M","-1,08%"
"16.08.2023","14.876,47","15.022,33","15.075,22","14.874,02","211,58M","-1,07%"
"15.08.2023","15.037,65","15.172,39","15.192,61","15.014,61","202,63M","-1,10%"
"14.08.2023","15.205,58","14.989,53","15.205,58","14.972,25","219,49M","1,18%"
"11.08.2023","15.028,07","15.011,16","15.102,13","14.973,82","198,56M","-0,67%"
"10.08.2023","15.128,84","15.217,29","15.365,38","15.072,71","205,33M","0,18%"
"09.08.2023","15.101,71","15.288,04","15.288,04","15.078,58","232,48M","-1,12%"
"08.08.2023","15.273,05","15.276,38","15.294,89","15.148,32","239,25M","-0,87%"
"07.08.2023","15.407,85","15.354,45","15.410,59","15.261,25","228,69M","0,87%"
"04.08.2023","15.274,92","15.436,57","15.522,55","15.259,07","284,84M","-0,51%"
"03.08.2023","15.353,54","15.289,29","15.436,46","15.271,77","237,76M","-0,11%"
"02.08.2023","15.370,74","15.561,15","15.561,36","15.321,44","305,95M","-2,21%"
"01.08.2023","15.718,01","15.696,98","15.748,43","15.636,57","211,40M","-0,25%"
"31.07.2023","15.757,00","15.774,30","15.803,55","15.702,74","254,54M","0,04%"
"28.07.2023","15.750,93","15.630,17","15.788,48","15.617,75","295,90M","1,85%"
"27.07.2023","15.464,93","15.734,03","15.795,51","15.416,05","291,79M","-0,22%"
"26.07.2023","15.499,26","15.514,04","15.571,16","15.411,91","263,28M","-0,40%"
"25.07.2023","15.561,42","15.483,06","15.622,69","15.482,04","234,86M","0,73%"
"24.07.2023","15.448,02","15.475,15","15.504,67","15.374,66","220,80M","0,14%"
"21.07.2023","15.425,67","15.554,95","15.600,54","15.410,57","799,03M","-0,26%"
"20.07.2023","15.466,09","15.717,67","15.771,84","15.429,87","334,20M","-2,28%"
"19.07.2023","15.826,35","15.888,16","15.932,05","15.781,96","268,74M","-0,09%"
"18.07.2023","15.841,35","15.671,72","15.895,68","15.607,71","258,65M","0,82%"
"17.07.2023","15.713,28","15.608,28","15.745,67","15.576,51","237,03M","0,95%"
"14.07.2023","15.565,60","15.610,00","15.720,06","15.531,00","256,39M","-0,04%"
"13.07.2023","15.571,98","15.432,48","15.602,74","15.420,71","242,48M","1,73%"
"12.07.2023","15.307,23","15.279,35","15.364,09","15.209,71","287,61M","1,24%"
"11.07.2023","15.119,06","15.068,13","15.135,29","14.974,16","234,91M","0,49%"
"10.07.2023","15.045,64","15.031,95","15.066,43","14.924,64","271,07M","0,06%"
"07.07.2023","15.036,85","15.070,50","15.210,63","15.032,56","240,00M","-0,35%"
"06.07.2023","15.089,45","15.054,10","15.106,45","14.969,14","242,50M","-0,75%"
"05.07.2023","15.203,78","15.165,36","15.275,18","15.162,66","223,47M","-0,03%"
"03.07.2023","15.208,69","15.190,54","15.232,96","15.153,60","150,55M","0,19%"
"30.06.2023","15.179,21","15.085,24","15.213,75","15.081,57","317,60M","1,60%"
"29.06.2023","14.939,95","14.965,55","14.986,89","14.876,94","226,21M","-0,16%"
"28.06.2023","14.964,58","14.876,25","15.051,08","14.865,81","247,52M","0,12%"
"27.06.2023","14.945,91","14.751,57","14.972,32","14.726,75","269,00M","1,75%"
"26.06.2023","14.689,02","14.866,66","14.982,82","14.687,02","266,06M","-1,36%"
"23.06.2023","14.891,48","14.879,23","14.983,73","14.821,81","420,63M","-1,00%"
"22.06.2023","15.042,32","14.797,89","15.044,22","14.794,95","234,61M","1,18%"
"21.06.2023","14.867,45","15.019,01","15.038,90","14.826,02","308,96M","-1,35%"
"20.06.2023","15.070,15","15.036,48","15.127,42","14.946,72","291,16M","-0,09%"
"16.06.2023","15.083,92","15.272,65","15.284,65","15.073,45","771,26M","-0,67%"
"15.06.2023","15.185,48","14.949,70","15.246,62","14.930,12","321,05M","1,20%"
"14.06.2023","15.005,69","14.894,10","15.017,10","14.784,62","308,98M","0,70%"
"13.06.2023","14.900,85","14.911,26","14.931,83","14.770,14","275,48M","0,79%"
"12.06.2023","14.784,30","14.617,35","14.789,60","14.571,36","283,89M","1,76%"
"09.06.2023","14.528,36","14.574,24","14.672,85","14.487,48","258,23M","0,30%"
"08.06.2023","14.484,54","14.319,24","14.503,31","14.314,69","254,49M","1,27%"
"07.06.2023","14.303,29","14.573,27","14.647,91","14.283,88","334,57M","-1,75%"
"06.06.2023","14.558,09","14.526,10","14.593,50","14.476,99","249,04M","0,01%"
"05.06.2023","14.556,50","14.550,13","14.662,95","14.516,88","254,09M","0,07%"
"02.06.2023","14.546,64","14.517,08","14.595,81","14.442,15","273,86M","0,73%"
"01.06.2023","14.441,51","14.269,09","14.493,31","14.219,94","314,66M","1,31%"
"31.05.2023","14.254,09","14.293,56","14.375,38","14.216,16","615,28M","-0,70%"
"30.05.2023","14.354,99","14.465,59","14.520,17","14.301,08","307,60M","0,40%"
"26.05.2023","14.298,41","13.990,55","14.329,49","13.982,16","353,94M","2,58%"
"25.05.2023","13.938,53","13.920,89","13.986,87","13.812,18","343,01M","2,46%"
"24.05.2023","13.604,48","13.589,02","13.655,73","13.520,92","239,37M","-0,50%"
"23.05.2023","13.672,54","13.773,68","13.827,10","13.662,91","241,74M","-1,28%"
"22.05.2023","13.849,74","13.805,33","13.893,71","13.792,97","227,41M","0,34%"
"19.05.2023","13.803,49","13.842,69","13.874,42","13.763,90","266,50M","-0,23%"
"18.05.2023","13.834,62","13.608,95","13.844,76","13.606,81","276,88M","1,81%"
"17.05.2023","13.589,26","13.474,52","13.608,33","13.419,35","254,55M","1,22%"
"16.05.2023","13.426,01","13.385,37","13.498,44","13.384,77","209,97M","0,09%"
"15.05.2023","13.413,51","13.352,26","13.419,81","13.297,85","200,43M","0,55%"
"12.05.2023","13.340,17","13.407,02","13.427,42","13.256,56","223,44M","-0,37%"
"11.05.2023","13.389,78","13.376,85","13.411,70","13.306,08","245,64M","0,31%"
"10.05.2023","13.347,83","13.308,42","13.384,42","13.204,79","286,10M","1,11%"
"09.05.2023","13.201,11","13.228,64","13.254,81","13.193,88","232,39M","-0,68%"
"08.05.2023","13.291,64","13.247,09","13.302,43","13.193,08","211,96M","0,25%"
"05.05.2023","13.259,13","13.070,69","13.291,11","13.059,91","265,00M","2,13%"
"04.05.2023","12.982,48","13.014,08","13.064,02","12.938,45","245,78M","-0,37%"
"03.05.2023","13.030,21","13.123,10","13.231,71","13.026,04","257,60M","-0,64%"
"02.05.2023","13.113,66","13.225,48","13.241,53","13.046,79","249,11M","-0,89%"
"01.05.2023","13.231,47","13.229,11","13.287,47","13.186,40","211,62M","-0,11%"
"28.04.2023","13.245,99","13.139,35","13.247,39","13.096,93","300,70M","0,65%"
"27.04.2023","13.160,03","12.963,21","13.175,62","12.938,50","319,31M","2,76%"
"26.04.2023","12.806,49","12.866,64","12.929,62","12.783,42","292,22M","0,64%"
"25.04.2023","12.725,11","12.905,09","12.933,28","12.724,24","261,53M","-1,89%"
"24.04.2023","12.969,76","12.981,71","13.044,23","12.883,77","199,01M","-0,24%"
"21.04.2023","13.000,77","12.970,32","13.030,85","12.899,64","236,55M","0,11%"
"20.04.2023","12.985,98","12.962,29","13.107,92","12.933,80","261,52M","-0,78%"
"19.04.2023","13.088,72","12.992,51","13.128,25","12.988,20","196,77M","-0,02%"
"18.04.2023","13.091,79","13.180,31","13.196,18","13.044,21","198,42M","0,03%"
"17.04.2023","13.087,71","13.053,26","13.105,68","12.981,26","200,78M","0,06%"
"14.04.2023","13.079,52","13.044,69","13.152,28","12.962,51","207,40M","-0,23%"
"13.04.2023","13.109,39","12.922,90","13.124,41","12.920,02","230,79M","2,03%"
"12.04.2023","12.848,35","13.043,97","13.071,98","12.833,31","236,48M","-0,89%"
"11.04.2023","12.964,16","13.040,49","13.049,56","12.947,66","206,13M","-0,67%"
"10.04.2023","13.051,23","12.936,52","13.051,85","12.861,52","197,34M","-0,09%"
"06.04.2023","13.062,60","12.892,90","13.078,10","12.846,03","229,51M","0,74%"
"05.04.2023","12.967,20","13.056,79","13.065,27","12.894,44","247,24M","-1,01%"
"04.04.2023","13.100,08","13.148,35","13.204,08","13.049,98","227,66M","-0,37%"
"03.04.2023","13.148,35","13.084,10","13.157,47","13.036,55","247,21M","-0,25%"
"31.03.2023","13.181,35","12.968,96","13.188,83","12.968,00","317,69M","1,68%"
"30.03.2023","12.963,14","12.934,99","12.987,97","12.894,14","222,67M","0,91%"
"29.03.2023","12.846,03","12.768,14","12.867,32","12.734,68","269,55M","1,87%"
"28.03.2023","12.610,57","12.654,91","12.654,91","12.517,87","203,48M","-0,49%"
"27.03.2023","12.673,07","12.797,90","12.839,42","12.647,94","224,95M","-0,74%"
"24.03.2023","12.767,05","12.700,51","12.770,28","12.608,15","260,67M","0,30%"
"23.03.2023","12.729,23","12.735,60","12.900,10","12.611,67","297,18M","1,29%"
"22.03.2023","12.567,15","12.742,41","12.943,62","12.563,78","279,13M","-1,37%"
"21.03.2023","12.741,44","12.643,35","12.762,45","12.582,76","302,52M","1,42%"
"20.03.2023","12.562,61","12.487,79","12.578,35","12.407,82","291,23M","0,34%"
"17.03.2023","12.519,88","12.570,16","12.674,34","12.444,08","715,66M","-0,49%"
"16.03.2023","12.581,39","12.211,87","12.595,69","12.190,65","344,26M","2,69%"
"15.03.2023","12.251,32","12.083,24","12.269,45","12.026,18","343,36M","0,42%"
"14.03.2023","12.199,79","12.078,46","12.217,87","12.035,22","324,30M","2,32%"
"13.03.2023","11.923,17","11.752,10","12.073,95","11.695,41","351,06M","0,79%"
"10.03.2023","11.830,28","12.001,70","12.069,62","11.789,86","308,68M","-1,38%"
"09.03.2023","11.995,88","12.230,84","12.340,45","11.970,34","275,90M","-1,80%"
"08.03.2023","12.215,33","12.181,06","12.237,72","12.102,28","234,18M","0,52%"
"07.03.2023","12.152,17","12.303,19","12.344,05","12.130,01","259,81M","-1,22%"
"06.03.2023","12.302,48","12.344,65","12.466,88","12.297,57","239,56M","0,09%"
"03.03.2023","12.290,81","12.110,70","12.300,46","12.095,24","279,00M","2,04%"
"02.03.2023","12.044,87","11.830,09","12.074,59","11.830,09","245,37M","0,89%"
"01.03.2023","11.938,57","12.026,72","12.054,48","11.906,58","248,48M","-0,86%"
"28.02.2023","12.042,12","12.041,75","12.146,52","12.021,32","316,62M","-0,13%"
"27.02.2023","12.057,79","12.106,79","12.159,64","12.034,61","225,91M","0,74%"
"24.02.2023","11.969,65","11.979,80","12.018,32","11.900,84","263,45M","-1,73%"
"23.02.2023","12.180,14","12.224,44","12.227,40","12.003,31","284,88M","0,94%"
"22.02.2023","12.066,27","12.085,67","12.156,21","12.006,04","265,18M","0,05%"
"21.02.2023","12.060,30","12.205,21","12.257,06","12.058,23","291,79M","-2,41%"
"17.02.2023","12.358,18","12.352,30","12.385,52","12.233,79","265,45M","-0,68%"
"16.02.2023","12.442,48","12.495,07","12.653,40","12.440,00","294,55M","-1,93%"
"15.02.2023","12.687,89","12.531,60","12.689,34","12.486,42","248,82M","0,77%"
"14.02.2023","12.590,89","12.413,10","12.627,40","12.356,32","274,38M","0,71%"
"13.02.2023","12.502,31","12.356,50","12.522,78","12.313,44","256,04M","1,60%"
"10.02.2023","12.304,92","12.306,59","12.375,72","12.204,22","266,99M","-0,62%"
"09.02.2023","12.381,17","12.677,54","12.679,54","12.327,44","310,65M","-0,91%"
"08.02.2023","12.495,38","12.680,03","12.709,45","12.471,11","306,97M","-1,83%"
"07.02.2023","12.728,27","12.474,95","12.771,58","12.419,71","319,73M","2,12%"
"06.02.2023","12.464,51","12.468,81","12.558,88","12.411,88","252,29M","-0,87%"
"03.02.2023","12.573,36","12.520,95","12.828,71","12.520,95","343,68M","-1,79%"
"02.02.2023","12.803,14","12.655,18","12.880,98","12.600,76","406,80M","3,56%"
"01.02.2023","12.363,10","12.087,92","12.458,88","12.010,74","349,60M","2,16%"
"31.01.2023","12.101,93","11.915,94","12.104,13","11.915,94","316,87M","1,59%"
"30.01.2023","11.912,39","12.047,16","12.087,68","11.906,11","278,71M","-2,09%"
"27.01.2023","12.166,60","12.000,21","12.248,15","11.999,87","344,54M","0,96%"
"26.01.2023","12.051,48","11.972,57","12.055,81","11.853,37","270,09M","2,00%"
"25.01.2023","11.814,69","11.636,01","11.841,81","11.550,07","257,78M","-0,27%"
"24.01.2023","11.846,65","11.802,95","11.889,37","11.780,07","218,61M","-0,22%"
"23.01.2023","11.872,54","11.652,00","11.918,86","11.617,83","289,73M","2,18%"
"20.01.2023","11.619,03","11.363,85","11.623,20","11.329,54","343,98M","2,86%"
"19.01.2023","11.295,67","11.345,18","11.388,47","11.251,94","260,02M","-1,00%"
"18.01.2023","11.410,29","11.636,61","11.690,27","11.403,32","270,51M","-1,27%"
"17.01.2023","11.557,19","11.531,55","11.615,95","11.484,02","262,00M","0,14%"
"13.01.2023","11.541,48","11.362,13","11.547,96","11.347,60","229,40M","0,71%"
"12.01.2023","11.459,61","11.441,45","11.500,86","11.246,02","264,98M","0,50%"
"11.01.2023","11.402,52","11.259,16","11.403,89","11.220,75","279,25M","1,76%"
"10.01.2023","11.205,78","11.069,05","11.207,56","11.050,68","231,65M","0,88%"
"09.01.2023","11.108,44","11.133,07","11.304,84","11.085,33","274,10M","0,62%"
"06.01.2023","11.040,35","10.807,45","11.082,59","10.696,42","315,74M","2,78%"
"05.01.2023","10.741,22","10.837,25","10.842,33","10.728,26","279,98M","-1,59%"
"04.01.2023","10.914,80","10.949,34","10.981,46","10.785,53","292,08M","0,48%"
"03.01.2023","10.862,64","11.038,42","11.093,10","10.770,93","294,37M","-0,70%"
"30.12.2022","10.939,76","10.835,59","10.942,90","10.778,64","224,60M","-0,10%"
"29.12.2022","10.951,05","10.800,80","10.981,06","10.776,62","229,87M","2,54%"
"28.12.2022","10.679,34","10.807,12","10.898,64","10.671,19","211,42M","-1,32%"
"27.12.2022","10.822,51","10.944,30","10.957,44","10.807,61","220,91M","-1,48%"
"23.12.2022","10.985,45","10.911,04","11.007,09","10.830,90","191,78M","0,27%"
"22.12.2022","10.956,14","11.099,36","11.114,23","10.784,01","305,75M","-2,49%"
"21.12.2022","11.235,88","11.110,65","11.285,77","11.083,36","238,18M","1,48%"
"20.12.2022","11.072,42","11.023,47","11.143,62","10.967,07","264,63M","-0,11%"
"19.12.2022","11.084,59","11.243,00","11.251,57","11.029,77","286,39M","-1,42%"
"16.12.2022","11.243,72","11.313,64","11.383,39","11.175,54","861,67M","-0,89%"
"15.12.2022","11.345,22","11.573,38","11.591,33","11.300,35","325,71M","-3,37%"
"14.12.2022","11.740,92","11.824,54","11.941,28","11.617,41","296,00M","-0,79%"
"13.12.2022","11.834,20","12.141,24","12.166,41","11.724,91","349,65M","1,09%"
"12.12.2022","11.706,44","11.572,26","11.707,71","11.529,41","245,83M","1,24%"
"09.12.2022","11.563,33","11.594,38","11.707,08","11.550,31","243,90M","-0,64%"
"08.12.2022","11.637,50","11.543,68","11.672,14","11.470,68","238,47M","1,22%"
"07.12.2022","11.497,39","11.490,99","11.577,69","11.431,96","228,21M","-0,45%"
"06.12.2022","11.549,68","11.775,20","11.790,93","11.488,60","233,86M","-2,01%"
"05.12.2022","11.786,80","11.899,54","11.957,35","11.732,15","229,01M","-1,73%"
"02.12.2022","11.994,26","11.845,53","12.027,62","11.825,53","235,05M","-0,40%"
"01.12.2022","12.041,90","12.030,24","12.115,34","11.928,66","257,49M","0,10%"
"30.11.2022","12.030,06","11.505,74","12.031,34","11.481,89","496,42M","4,58%"
"29.11.2022","11.503,45","11.590,30","11.613,33","11.450,34","197,04M","-0,73%"
"28.11.2022","11.587,75","11.684,07","11.764,83","11.555,26","238,84M","-1,43%"
"25.11.2022","11.756,03","11.777,33","11.803,91","11.748,79","101,46M","-0,70%"
"23.11.2022","11.838,72","11.725,08","11.866,42","11.722,01","180,62M","0,97%"
"22.11.2022","11.724,84","11.590,83","11.731,76","11.503,34","217,73M","1,48%"
"21.11.2022","11.553,45","11.623,35","11.664,94","11.524,44","220,28M","-1,06%"
"18.11.2022","11.677,02","11.791,85","11.794,68","11.579,64","247,58M","0,00%"
"17.11.2022","11.676,86","11.521,64","11.737,61","11.519,38","234,82M","-0,19%"
"16.11.2022","11.699,09","11.767,42","11.796,99","11.673,14","253,72M","-1,45%"
"15.11.2022","11.871,15","12.006,45","12.024,95","11.735,40","291,01M","1,45%"
"14.11.2022","11.700,94","11.728,11","11.863,82","11.669,10","272,45M","-0,98%"
"11.11.2022","11.817,01","11.604,36","11.840,07","11.535,56","318,51M","1,82%"
"10.11.2022","11.605,96","11.350,42","11.612,20","11.235,74","451,83M","7,49%"
"09.11.2022","10.797,55","10.971,43","11.012,66","10.790,35","296,28M","-2,37%"
"08.11.2022","11.059,50","11.039,58","11.191,90","10.897,53","263,38M","0,75%"
"07.11.2022","10.977,00","10.900,83","11.001,16","10.817,59","266,26M","1,10%"
"04.11.2022","10.857,03","10.911,99","10.934,62","10.632,39","352,98M","1,56%"
"03.11.2022","10.690,60","10.769,43","10.852,18","10.680,83","312,83M","-1,98%"
"02.11.2022","10.906,34","11.300,27","11.410,91","10.903,48","342,40M","-3,39%"
"01.11.2022","11.288,95","11.571,52","11.574,39","11.278,28","258,91M","-1,02%"
"31.10.2022","11.405,57","11.465,21","11.482,99","11.331,26","304,15M","-1,22%"
"28.10.2022","11.546,21","11.176,99","11.563,16","11.176,99","355,96M","3,17%"
"27.10.2022","11.191,63","11.387,71","11.417,04","11.179,90","343,35M","-1,88%"
"26.10.2022","11.405,90","11.409,79","11.657,06","11.388,34","330,32M","-2,26%"
"25.10.2022","11.669,99","11.482,87","11.681,85","11.480,41","275,48M","2,10%"
"24.10.2022","11.430,26","11.321,11","11.468,18","11.166,49","280,87M","1,06%"
"21.10.2022","11.310,33","10.998,17","11.327,77","10.962,01","324,07M","2,39%"
"20.10.2022","11.046,71","11.081,23","11.279,81","11.001,28","241,40M","-0,51%"
"19.10.2022","11.103,38","11.081,82","11.231,46","11.008,11","223,79M","-0,40%"
"18.10.2022","11.147,74","11.368,76","11.374,38","11.035,80","246,56M","0,77%"
"17.10.2022","11.062,53","10.967,25","11.090,87","10.959,75","293,32M","3,46%"
"14.10.2022","10.692,06","11.130,08","11.152,89","10.677,48","299,49M","-3,10%"
"13.10.2022","11.033,58","10.481,58","11.087,66","10.440,64","355,13M","2,30%"
"12.10.2022","10.785,61","10.810,30","10.886,49","10.754,85","234,88M","-0,05%"
"11.10.2022","10.791,35","10.865,32","10.981,91","10.716,33","285,80M","-1,24%"
"10.10.2022","10.926,97","11.048,51","11.063,21","10.824,25","247,71M","-1,02%"
"07.10.2022","11.039,47","11.272,46","11.293,65","10.991,66","325,37M","-3,88%"
"06.10.2022","11.485,50","11.556,40","11.660,55","11.472,83","224,26M","-0,76%"
"05.10.2022","11.573,18","11.429,47","11.647,62","11.312,52","220,46M","-0,08%"
"04.10.2022","11.582,54","11.477,85","11.609,25","11.462,37","282,89M","3,14%"
"03.10.2022","11.229,73","11.059,17","11.296,43","10.985,01","291,05M","2,36%"
"30.09.2022","10.971,22","11.123,11","11.296,16","10.966,95","332,57M","-1,73%"
"29.09.2022","11.164,78","11.334,57","11.339,91","11.038,94","286,17M","-2,86%"
"28.09.2022","11.493,83","11.258,74","11.546,87","11.210,81","286,31M","1,97%"
"27.09.2022","11.271,75","11.411,34","11.502,38","11.175,29","251,06M","0,16%"
"26.09.2022","11.254,11","11.283,14","11.473,36","11.235,74","258,79M","-0,51%"
"23.09.2022","11.311,24","11.398,75","11.402,41","11.169,66","275,27M","-1,66%"
"22.09.2022","11.501,65","11.574,32","11.617,99","11.448,86","254,51M","-1,17%"
"21.09.2022","11.637,79","11.892,72","12.062,52","11.636,25","263,45M","-1,80%"
"20.09.2022","11.851,54","11.855,83","11.951,13","11.761,69","223,97M","-0,85%"
"19.09.2022","11.953,27","11.753,60","11.956,79","11.752,43","231,53M","0,77%"
"16.09.2022","11.861,38","11.775,93","11.875,09","11.710,25","728,59M","-0,55%"
"15.09.2022","11.927,49","12.034,43","12.153,34","11.867,88","282,27M","-1,71%"
"14.09.2022","12.134,40","12.092,03","12.170,25","12.016,43","273,28M","0,84%"
"13.09.2022","12.033,62","12.364,83","12.420,01","12.004,42","361,85M","-5,54%"
"12.09.2022","12.739,72","12.649,23","12.752,83","12.639,76","226,04M","1,20%"
"09.09.2022","12.588,29","12.424,15","12.610,43","12.424,15","228,58M","2,17%"
"08.09.2022","12.321,19","12.139,57","12.374,13","12.120,26","231,14M","0,50%"
"07.09.2022","12.259,39","12.038,18","12.298,12","12.026,98","237,42M","2,07%"
"06.09.2022","12.011,31","12.106,57","12.152,42","11.928,81","244,57M","-0,72%"
"02.09.2022","12.098,44","12.392,45","12.451,28","12.035,53","249,11M","-1,44%"
"01.09.2022","12.274,62","12.158,88","12.290,33","12.012,98","277,40M","0,02%"
"31.08.2022","12.272,03","12.448,07","12.502,15","12.268,08","315,42M","-0,57%"
"30.08.2022","12.342,70","12.562,40","12.572,88","12.240,82","232,45M","-1,13%"
"29.08.2022","12.484,32","12.488,46","12.594,34","12.440,40","219,65M","-0,96%"
"26.08.2022","12.605,17","13.129,91","13.175,25","12.603,41","308,68M","-4,10%"
"25.08.2022","13.143,58","12.984,74","13.146,84","12.951,61","209,03M","1,75%"
"24.08.2022","12.917,86","12.876,23","12.995,14","12.843,58","179,36M","0,28%"
"23.08.2022","12.881,79","12.885,28","13.000,71","12.852,70","179,39M","-0,07%"
"22.08.2022","12.890,54","13.056,39","13.073,07","12.859,82","222,57M","-2,66%"
"19.08.2022","13.242,90","13.370,25","13.402,61","13.210,82","248,83M","-1,95%"
"18.08.2022","13.505,99","13.474,24","13.553,28","13.405,74","189,70M","0,26%"
"17.08.2022","13.470,86","13.499,24","13.591,58","13.389,82","197,26M","-1,21%"
"16.08.2022","13.635,21","13.617,66","13.720,91","13.508,47","180,39M","-0,23%"
"15.08.2022","13.667,18","13.529,66","13.685,65","13.524,53","166,36M","0,75%"
"12.08.2022","13.565,87","13.384,65","13.565,87","13.341,65","209,25M","2,06%"
"11.08.2022","13.291,99","13.471,03","13.555,38","13.271,35","198,56M","-0,65%"
"10.08.2022","13.378,32","13.330,66","13.386,85","13.220,05","255,82M","2,85%"
"09.08.2022","13.008,17","13.064,24","13.095,70","12.945,60","214,96M","-1,15%"
"08.08.2022","13.159,16","13.227,09","13.394,53","13.103,80","202,55M","-0,37%"
"05.08.2022","13.207,69","13.107,45","13.286,02","13.070,36","215,10M","-0,78%"
"04.08.2022","13.311,04","13.253,77","13.326,72","13.170,44","221,80M","0,44%"
"03.08.2022","13.253,26","12.983,58","13.289,19","12.974,85","284,79M","2,73%"
"02.08.2022","12.901,60","12.853,04","13.073,27","12.809,01","215,11M","-0,30%"
"01.08.2022","12.940,78","12.877,04","13.084,61","12.833,16","226,46M","-0,06%"
"29.07.2022","12.947,98","12.784,20","12.986,64","12.726,25","340,16M","1,81%"
"28.07.2022","12.717,87","12.580,61","12.741,83","12.433,55","257,67M","0,92%"
"27.07.2022","12.601,47","12.299,34","12.660,77","12.256,93","304,74M","4,26%"
"26.07.2022","12.086,90","12.248,21","12.259,01","12.051,21","229,65M","-1,96%"
"25.07.2022","12.328,41","12.391,21","12.415,59","12.244,40","190,24M","-0,55%"
"22.07.2022","12.396,47","12.575,76","12.662,86","12.322,82","236,15M","-1,77%"
"21.07.2022","12.619,41","12.466,13","12.620,50","12.351,42","222,30M","1,44%"
"20.07.2022","12.439,68","12.269,07","12.488,39","12.232,20","239,69M","1,55%"
"19.07.2022","12.249,42","12.046,69","12.258,37","11.967,92","267,09M","3,13%"
"18.07.2022","11.877,50","12.089,68","12.156,09","11.836,52","231,20M","-0,89%"
"15.07.2022","11.983,62","11.896,15","11.987,52","11.828,13","264,00M","1,83%"
"14.07.2022","11.768,40","11.637,18","11.801,11","11.488,27","204,76M","0,34%"
"13.07.2022","11.728,53","11.523,91","11.819,69","11.498,96","204,07M","-0,14%"
"12.07.2022","11.744,99","11.926,84","11.990,44","11.684,02","208,96M","-0,97%"
"11.07.2022","11.860,28","12.008,76","12.026,06","11.830,89","198,97M","-2,19%"
"08.07.2022","12.125,69","11.977,95","12.179,32","11.956,03","175,25M","0,14%"
"07.07.2022","12.109,05","11.913,73","12.137,71","11.897,51","224,25M","2,16%"
"06.07.2022","11.852,59","11.807,08","11.941,31","11.727,36","205,56M","0,62%"
"05.07.2022","11.779,91","11.419,34","11.781,74","11.366,07","246,77M","1,68%"
"01.07.2022","11.585,68","11.472,63","11.592,85","11.378,63","223,73M","0,71%"
"30.06.2022","11.503,72","11.532,32","11.650,97","11.322,86","293,08M","-1,33%"
"29.06.2022","11.658,26","11.619,01","11.710,21","11.537,72","191,33M","0,18%"
"28.06.2022","11.637,77","12.021,34","12.133,87","11.633,13","244,75M","-3,09%"
"27.06.2022","12.008,24","12.157,93","12.175,98","11.965,67","218,40M","-0,81%"
"24.06.2022","12.105,85","11.826,95","12.112,82","11.812,18","428,18M","3,49%"
"23.06.2022","11.697,68","11.622,09","11.729,62","11.515,49","231,63M","1,47%"
"22.06.2022","11.527,71","11.427,74","11.708,08","11.423,20","240,32M","-0,16%"
"21.06.2022","11.546,76","11.446,99","11.638,47","11.446,99","277,58M","2,49%"
"17.06.2022","11.265,99","11.172,65","11.357,97","11.089,93","648,78M","1,24%"
"16.06.2022","11.127,57","11.286,87","11.311,05","11.037,21","326,71M","-4,02%"
"15.06.2022","11.593,77","11.468,13","11.751,30","11.346,54","285,50M","2,49%"
"14.06.2022","11.311,69","11.385,18","11.418,22","11.205,92","240,09M","0,21%"
"13.06.2022","11.288,32","11.472,19","11.568,65","11.254,18","341,06M","-4,60%"
"10.06.2022","11.832,82","12.052,59","12.082,69","11.825,35","283,02M","-3,56%"
"09.06.2022","12.269,78","12.543,37","12.666,41","12.265,86","224,67M","-2,74%"
"08.06.2022","12.615,13","12.682,81","12.776,65","12.578,55","196,52M","-0,76%"
"07.06.2022","12.711,67","12.456,49","12.737,30","12.413,56","191,80M","0,89%"
"06.06.2022","12.599,63","12.745,89","12.804,46","12.534,58","199,82M","0,41%"
"03.06.2022","12.548,02","12.650,39","12.724,81","12.505,76","218,94M","-2,67%"
"02.06.2022","12.892,89","12.498,63","12.897,63","12.447,77","237,93M","2,75%"
"01.06.2022","12.548,36","12.750,31","12.820,47","12.457,91","207,11M","-0,74%"
"31.05.2022","12.642,10","12.688,95","12.762,84","12.482,33","418,67M","-0,31%"
"27.05.2022","12.681,42","12.421,80","12.682,58","12.405,29","247,78M","3,30%"
"26.05.2022","12.276,79","11.906,83","12.337,73","11.901,87","253,12M","2,79%"
"25.05.2022","11.943,93","11.732,45","12.028,89","11.714,27","226,97M","1,48%"
"24.05.2022","11.769,84","11.807,78","11.842,81","11.576,11","232,10M","-2,20%"
"23.05.2022","12.034,28","11.867,08","12.047,81","11.785,76","224,19M","1,68%"
"20.05.2022","11.835,62","12.037,03","12.044,70","11.492,29","310,72M","-0,34%"
"19.05.2022","11.875,63","11.872,56","12.066,85","11.795,79","275,82M","-0,44%"
"18.05.2022","11.928,31","12.352,92","12.389,96","11.887,00","280,61M","-5,06%"
"17.05.2022","12.564,10","12.496,63","12.572,99","12.333,99","234,46M","2,62%"
"16.05.2022","12.243,58","12.297,07","12.395,51","12.196,21","198,36M","-1,16%"
"13.05.2022","12.387,40","12.125,93","12.429,28","12.069,13","269,06M","3,70%"
"12.05.2022","11.945,50","11.790,13","12.128,73","11.692,12","324,80M","-0,18%"
"11.05.2022","11.967,56","12.240,21","12.470,89","11.939,09","301,24M","-3,06%"
"10.05.2022","12.345,86","12.496,84","12.537,89","12.173,47","303,31M","1,30%"
"09.05.2022","12.187,72","12.465,91","12.542,32","12.136,19","320,51M","-3,98%"
"06.05.2022","12.693,53","12.776,86","12.926,58","12.522,77","275,35M","-1,22%"
"05.05.2022","12.850,55","13.344,79","13.344,79","12.710,59","327,49M","-5,06%"
"04.05.2022","13.535,71","13.110,30","13.556,67","12.887,53","287,02M","3,41%"
"03.05.2022","13.089,90","13.045,35","13.178,74","12.982,70","209,20M","0,11%"
"02.05.2022","13.075,85","12.864,83","13.083,57","12.716,62","263,46M","1,72%"
"29.04.2022","12.854,80","13.274,94","13.428,53","12.835,48","319,45M","-4,47%"
"28.04.2022","13.456,06","13.254,96","13.542,56","13.038,17","282,58M","3,48%"
"27.04.2022","13.003,36","13.009,40","13.241,94","12.936,41","256,81M","-0,05%"
"26.04.2022","13.009,71","13.447,66","13.447,66","13.009,65","263,14M","-3,87%"
"25.04.2022","13.533,22","13.275,41","13.541,77","13.239,73","247,87M","1,32%"
"22.04.2022","13.356,87","13.714,63","13.769,40","13.342,79","247,88M","-2,65%"
"21.04.2022","13.720,45","14.174,92","14.277,21","13.682,68","231,64M","-1,99%"
"20.04.2022","13.998,53","14.246,20","14.263,61","13.962,86","217,57M","-1,49%"
"19.04.2022","14.210,26","13.882,75","14.236,51","13.844,74","187,17M","2,15%"
"18.04.2022","13.910,76","13.859,47","13.997,92","13.788,96","172,21M","0,13%"
"14.04.2022","13.893,22","14.225,47","14.235,39","13.884,82","223,06M","-2,28%"
"13.04.2022","14.217,29","13.939,61","14.258,81","13.919,48","189,62M","1,99%"
"12.04.2022","13.940,24","14.175,66","14.264,74","13.882,75","193,95M","-0,36%"
"11.04.2022","13.990,20","14.149,60","14.187,67","13.979,14","211,62M","-2,35%"
"08.04.2022","14.327,26","14.450,53","14.490,19","14.307,68","185,19M","-1,41%"
"07.04.2022","14.531,81","14.469,50","14.624,24","14.315,69","197,28M","0,23%"
"06.04.2022","14.498,89","14.600,30","14.639,35","14.395,40","240,71M","-2,17%"
"05.04.2022","14.820,64","15.109,27","15.120,67","14.782,57","209,49M","-2,24%"
"04.04.2022","15.159,58","14.903,38","15.161,89","14.884,57","206,00M","2,01%"
"01.04.2022","14.861,21","14.886,91","14.925,93","14.723,83","215,30M","0,15%"
"31.03.2022","14.838,49","15.074,24","15.088,38","14.835,16","282,14M","-1,55%"
"30.03.2022","15.071,55","15.177,15","15.229,01","15.010,34","206,58M","-1,10%"
"29.03.2022","15.239,32","15.142,93","15.265,42","15.039,61","220,57M","1,68%"
"28.03.2022","14.987,40","14.763,16","14.989,08","14.705,92","193,74M","1,58%"
"25.03.2022","14.754,31","14.766,90","14.805,88","14.577,59","186,56M","-0,08%"
"24.03.2022","14.765,69","14.529,72","14.767,73","14.440,67","221,27M","2,20%"
"23.03.2022","14.447,55","14.525,22","14.681,33","14.446,04","226,97M","-1,41%"
"22.03.2022","14.654,33","14.396,03","14.688,97","14.385,55","234,86M","1,94%"
"21.03.2022","14.376,09","14.377,15","14.470,68","14.190,53","246,17M","-0,31%"
"18.03.2022","14.420,08","14.061,29","14.427,47","14.014,43","566,58M","2,14%"
"17.03.2022","14.118,60","13.878,99","14.125,67","13.827,34","232,03M","1,16%"
"16.03.2022","13.956,78","13.633,12","13.960,25","13.475,09","333,55M","3,70%"
"15.03.2022","13.458,56","13.174,97","13.488,18","13.092,45","287,73M","3,16%"
"14.03.2022","13.046,64","13.248,09","13.386,67","13.020,40","273,08M","-1,92%"
"11.03.2022","13.301,83","13.701,80","13.714,44","13.285,19","238,44M","-2,13%"
"10.03.2022","13.591,00","13.577,84","13.633,69","13.399,46","234,12M","-1,10%"
"09.03.2022","13.742,20","13.610,48","13.793,11","13.504,48","261,57M","3,58%"
"08.03.2022","13.267,60","13.275,23","13.663,27","13.129,40","308,91M","-0,39%"
"07.03.2022","13.319,38","13.853,53","13.879,10","13.314,44","304,72M","-3,75%"
"04.03.2022","13.837,83","13.957,60","13.992,97","13.738,61","244,70M","-1,41%"
"03.03.2022","14.035,21","14.339,70","14.342,56","13.965,11","230,88M","-1,46%"
"02.03.2022","14.243,69","14.075,11","14.292,72","13.962,69","233,56M","1,70%"
"01.03.2022","14.005,99","14.197,66","14.271,58","13.906,92","262,94M","-1,63%"
"28.02.2022","14.237,81","14.058,61","14.296,60","14.009,36","309,03M","0,34%"
"25.02.2022","14.189,16","13.973,90","14.193,00","13.850,29","241,78M","1,53%"
"24.02.2022","13.974,67","13.065,44","13.989,10","13.065,44","377,16M","3,44%"
"23.02.2022","13.509,43","14.016,94","14.035,93","13.502,58","256,46M","-2,60%"
"22.02.2022","13.870,53","13.892,81","14.109,26","13.720,92","258,34M","-0,99%"
"18.02.2022","14.009,54","14.207,55","14.225,72","13.918,76","266,12M","-1,14%"
"17.02.2022","14.171,74","14.485,08","14.497,46","14.155,43","226,16M","-2,96%"
"16.02.2022","14.603,64","14.514,84","14.647,79","14.399,29","194,98M","-0,12%"
"15.02.2022","14.620,82","14.482,11","14.624,53","14.444,46","222,14M","2,47%"
"14.02.2022","14.268,59","14.233,40","14.400,78","14.119,73","249,43M","0,10%"
"11.02.2022","14.253,84","14.739,46","14.769,64","14.194,54","289,87M","-3,07%"
"10.02.2022","14.705,64","14.770,67","15.037,26","14.636,61","259,08M","-2,33%"
"09.02.2022","15.056,96","14.930,99","15.057,90","14.870,36","220,30M","2,10%"
"08.02.2022","14.747,03","14.533,25","14.785,22","14.485,78","211,61M","1,21%"
"07.02.2022","14.571,25","14.716,43","14.813,86","14.524,63","203,27M","-0,84%"
"04.02.2022","14.694,35","14.566,28","14.832,05","14.452,28","238,70M","1,33%"
"03.02.2022","14.501,11","14.693,85","14.856,51","14.471,19","310,21M","-4,22%"
"02.02.2022","15.139,74","15.173,03","15.196,40","14.960,85","297,73M","0,80%"
"01.02.2022","15.019,68","14.966,60","15.034,42","14.749,49","234,44M","0,60%"
"31.01.2022","14.930,05","14.505,07","14.934,52","14.442,88","311,40M","3,29%"
"28.01.2022","14.454,61","14.091,32","14.457,78","13.880,48","292,47M","3,22%"
"27.01.2022","14.003,11","14.346,46","14.419,45","13.972,88","291,78M","-1,20%"
"26.01.2022","14.172,76","14.492,52","14.646,54","14.006,40","310,91M","0,17%"
"25.01.2022","14.149,12","14.237,60","14.410,43","14.033,81","283,30M","-2,48%"
"24.01.2022","14.509,58","14.160,91","14.532,57","13.724,85","425,47M","0,49%"
"21.01.2022","14.438,40","14.728,66","14.868,45","14.432,64","388,09M","-2,75%"
"20.01.2022","14.846,46","15.176,38","15.347,62","14.832,69","246,53M","-1,34%"
"19.01.2022","15.047,84","15.287,25","15.382,00","15.038,43","228,59M","-1,07%"
"18.01.2022","15.210,76","15.378,06","15.446,30","15.182,96","284,38M","-2,57%"
"14.01.2022","15.611,59","15.396,47","15.617,18","15.396,47","214,94M","0,75%"
"13.01.2022","15.495,62","15.970,09","15.990,38","15.468,09","220,05M","-2,57%"
"12.01.2022","15.905,10","15.955,48","16.017,39","15.815,94","192,30M","0,38%"
"11.01.2022","15.844,12","15.582,72","15.848,56","15.496,91","214,96M","1,47%"
"10.01.2022","15.614,43","15.383,18","15.627,92","15.165,53","281,70M","0,14%"
"07.01.2022","15.592,19","15.774,13","15.835,00","15.526,80","212,83M","-1,10%"
"06.01.2022","15.765,36","15.675,22","15.900,60","15.608,57","229,89M","-0,04%"
"05.01.2022","15.771,77","16.190,55","16.249,23","15.763,84","257,52M","-3,12%"
"04.01.2022","16.279,73","16.513,87","16.513,87","16.151,91","241,07M","-1,35%"
"03.01.2022","16.501,77","16.395,51","16.504,13","16.306,64","199,76M","1,11%"
"31.12.2021","16.320,08","16.411,26","16.464,62","16.317,26","144,78M","-0,66%"
"30.12.2021","16.429,10","16.485,40","16.569,62","16.415,12","125,58M","-0,38%"
"29.12.2021","16.491,01","16.510,63","16.548,92","16.396,16","133,19M","0,01%"
"28.12.2021","16.488,66","16.602,92","16.607,19","16.458,49","136,37M","-0,48%"
"27.12.2021","16.567,50","16.361,07","16.567,64","16.361,07","154,76M","1,59%"
"23.12.2021","16.308,21","16.203,76","16.360,75","16.188,02","164,32M","0,79%"
"22.12.2021","16.180,14","15.963,54","16.186,25","15.947,56","166,35M","1,21%"
"21.12.2021","15.986,28","15.794,38","15.997,61","15.617,48","210,02M","2,29%"
"20.12.2021","15.627,64","15.566,83","15.662,61","15.508,74","212,52M","-1,10%"
"17.12.2021","15.801,46","15.714,54","15.960,25","15.664,10","606,09M","-0,39%"
"16.12.2021","15.863,94","16.335,03","16.340,53","15.802,64","267,11M","-2,61%"
"15.12.2021","16.289,59","15.908,45","16.301,27","15.746,94","249,17M","2,35%"
"14.12.2021","15.914,90","15.877,65","15.995,21","15.742,80","238,21M","-1,04%"
"13.12.2021","16.082,55","16.317,90","16.332,63","16.075,54","224,94M","-1,53%"
"10.12.2021","16.331,98","16.278,30","16.339,12","16.139,00","206,17M","1,13%"
"09.12.2021","16.149,57","16.337,81","16.413,28","16.141,39","189,74M","-1,49%"
"08.12.2021","16.394,34","16.313,88","16.401,10","16.250,39","208,05M","0,42%"
"07.12.2021","16.325,66","16.139,56","16.343,67","16.128,44","261,97M","3,03%"
"06.12.2021","15.846,16","15.744,91","15.898,59","15.557,78","244,53M","0,85%"
"03.12.2021","15.712,04","16.039,41","16.089,61","15.543,31","287,69M","-1,74%"
"02.12.2021","15.990,76","15.791,30","16.066,32","15.770,92","252,10M","0,71%"
"01.12.2021","15.877,72","16.347,96","16.427,19","15.864,00","253,55M","-1,60%"
"30.11.2021","16.135,92","16.333,95","16.454,56","16.073,76","412,49M","-1,61%"